District,Cumulative number of persons under observation as on today,Cumulative number of persons under home usolation as on today,Cumulative number of symptomatic passengers/ persons hospitalized as on today,Number of persons discharged from home isolation today,Date,No. of persons hospitalized today
Thiruvananthapuram,401,397,4,31,17/02/20,
Kollam,156,156,0,8,17/02/20,
Pathanamthitta,44,44,0,1,17/02/20,
Idukki ,27,27,0,0,17/02/20,
Kottayam,76,76,0,3,17/02/20,
Alappuzha ,172,172,0,0,17/02/20,
Ernakulam,323,323,0,14,17/02/20,
Thrissur,179,175,4,12,17/02/20,
Palakkad,109,109,0,8,17/02/20,
Malappuram,243,240,3,7,17/02/20,
Kozhikode,202,200,2,22,17/02/20,
Wayanad,54,54,0,0,17/02/20,
Kannur,193,193,0,10,17/02/20,
Kasargod,67,67,0,4,17/02/20,
Thiruvananthapuram,421,419,2,3,18/02/20,
Kollam,154,154,0,3,18/02/20,
Pathanamthitta,40,40,0,4,18/02/20,
Idukki ,24,24,0,3,18/02/20,
Kottayam,75,75,0,3,18/02/20,
Alappuzha ,175,174,1,0,18/02/20,
Ernakulam,322,322,0,1,18/02/20,
Thrissur,170,166,4,10,18/02/20,
Palakkad,105,104,1,4,18/02/20,
Malappuram,245,242,3,4,18/02/20,
Kozhikode,195,193,2,7,18/02/20,
Wayanad,54,54,0,0,18/02/20,
Kannur,186,186,0,7,18/02/20,
Kasargod,56,56,0,11,18/02/20,
Thiruvananthapuram,413,411,2,27,19/02/20,
Kollam,155,155,0,5,19/02/20,
Pathanamthitta,38,38,0,4,19/02/20,
Idukki ,24,24,0,0,19/02/20,
Kottayam,78,78,0,0,19/02/20,
Alappuzha ,181,180,1,0,19/02/20,
Ernakulam,332,332,0,4,19/02/20,
Thrissur,176,174,2,3,19/02/20,
Palakkad,105,104,1,1,19/02/20,
Malappuram,252,250,2,3,19/02/20,
Kozhikode,193,193,0,3,19/02/20,
Wayanad,56,56,0,1,19/02/20,
Kannur,186,186,0,4,19/02/20,
Kasargod,53,53,0,3,19/02/20,
Thiruvananthapuram,227,224,3,193,20/02/20,
Kollam,20,20,0,137,20/02/20,
Pathanamthitta,2,2,0,36,20/02/20,
Idukki ,2,2,0,22,20/02/20,
Kottayam,71,71,0,10,20/02/20,
Alappuzha ,40,39,1,141,20/02/20,
Ernakulam,111,110,1,227,20/02/20,
Thrissur,169,169,0,7,20/02/20,
Palakkad,11,11,0,94,20/02/20,
Malappuram,245,244,1,7,20/02/20,
Kozhikode,5,4,1,189,20/02/20,
Wayanad,0,0,0,56,20/02/20,
Kannur,7,7,0,181,20/02/20,
Kasargod,4,4,0,49,20/02/20,
Thiruvananthapuram,208,206,2,27,21/02/20,
Kollam,11,11,0,9,21/02/20,
Pathanamthitta,2,2,0,0,21/02/20,
Idukki ,2,2,0,0,21/02/20,
Kottayam,71,71,0,0,21/02/20,
Alappuzha ,30,29,1,10,21/02/20,
Ernakulam,112,111,1,0,21/02/20,
Thrissur,166,166,0,5,21/02/20,
Palakkad,10,10,0,1,21/02/20,
Malappuram,84,84,0,163,21/02/20,
Kozhikode,4,3,1,1,21/02/20,
Wayanad,0,0,0,0,21/02/20,
Kannur,7,7,0,0,21/02/20,
Kasargod,4,4,0,0,21/02/20,
Thiruvananthapuram,28,24,2,181,22/02/20,
Kollam,7,7,0,4,22/02/20,
Pathanamthitta,2,2,0,0,22/02/20,
Idukki ,2,2,0,0,22/02/20,
Kottayam,9,9,0,63,22/02/20,
Alappuzha ,27,26,1,4,22/02/20,
Ernakulam,7,7,0,108,22/02/20,
Thrissur,31,30,1,136,22/02/20,
Palakkad,11,11,0,0,22/02/20,
Malappuram,6,6,0,79,22/02/20,
Kozhikode,3,3,0,1,22/02/20,
Wayanad,0,0,0,0,22/02/20,
Kannur,5,4,1,3,22/02/20,
Kasargod,4,4,0,0,22/02/20,
Thiruvananthapuram,28,26,2,0,23/02/20,
Kollam,4,4,0,3,23/02/20,
Pathanamthitta,2,2,0,0,23/02/20,
Idukki ,2,2,0,0,23/02/20,
Kottayam,9,9,0,0,23/02/20,
Alappuzha ,18,17,1,9,23/02/20,
Ernakulam,9,9,0,0,23/02/20,
Thrissur,27,26,1,4,23/02/20,
Palakkad,10,10,0,1,23/02/20,
Malappuram,5,5,0,1,23/02/20,
Kozhikode,3,3,0,0,23/02/20,
Wayanad,0,0,0,0,23/02/20,
Kannur,6,5,1,1,23/02/20,
Kasargod,4,4,0,0,23/02/20,
Thiruvananthapuram,30,27,3,0,24/02/20,
Kollam,4,4,0,0,24/02/20,
Pathanamthitta,2,2,0,0,24/02/20,
Idukki ,1,1,0,1,24/02/20,
Kottayam,10,10,0,0,24/02/20,
Alappuzha ,21,21,0,0,24/02/20,
Ernakulam,9,9,0,0,24/02/20,
Thrissur,30,27,3,5,24/02/20,
Palakkad,10,10,0,1,24/02/20,
Malappuram,5,5,0,0,24/02/20,
Kozhikode,3,3,0,0,24/02/20,
Wayanad,0,0,0,0,24/02/20,
Kannur,6,5,1,0,24/02/20,
Kasargod,4,4,0,0,24/02/20,
Thiruvananthapuram,31,27,4,1,25/02/20,
Kollam,4,4,0,0,25/02/20,
Pathanamthitta,3,2,1,0,25/02/20,
Idukki ,1,1,0,0,25/02/20,
Kottayam,10,10,0,0,25/02/20,
Alappuzha ,17,17,0,4,25/02/20,
Ernakulam,10,10,0,0,25/02/20,
Thrissur,27,25,2,5,25/02/20,
Palakkad,6,6,0,4,25/02/20,
Malappuram,5,5,0,0,25/02/20,
Kozhikode,4,4,0,0,25/02/20,
Wayanad,0,0,0,0,25/02/20,
Kannur,5,4,1,1,25/02/20,
Kasargod,3,3,0,1,25/02/20,
Thiruvananthapuram,30,28,2,4,26/02/20,
Kollam,4,4,0,0,26/02/20,
Pathanamthitta,3,3,0,0,26/02/20,
Idukki ,1,1,0,0,26/02/20,
Kottayam,12,12,0,0,26/02/20,
Alappuzha ,17,17,0,1,26/02/20,
Ernakulam,13,13,0,0,26/02/20,
Thrissur,27,27,0,2,26/02/20,
Palakkad,7,7,0,0,26/02/20,
Malappuram,5,5,0,0,26/02/20,
Kozhikode,4,4,0,0,26/02/20,
Wayanad,0,0,0,0,26/02/20,
Kannur,6,6,0,0,26/02/20,
Kasargod,3,3,0,0,26/02/20,
Thiruvananthapuram,26,24,2,4,27/02/20,
Kollam,5,4,1,0,27/02/20,
Pathanamthitta,2,2,0,1,27/02/20,
Idukki ,0,0,0,1,27/02/20,
Kottayam,13,13,0,1,27/02/20,
Alappuzha ,20,19,1,0,27/02/20,
Ernakulam,21,20,1,0,27/02/20,
Thrissur,22,21,1,7,27/02/20,
Palakkad,8,8,0,1,27/02/20,
Malappuram,5,5,0,0,27/02/20,
Kozhikode,5,4,1,0,27/02/20,
Wayanad,0,0,0,0,27/02/20,
Kannur,5,5,0,1,27/02/20,
Kasargod,3,3,0,0,27/02/20,
Thiruvananthapuram,26,26,0,0,28/02/20,
Kollam,7,5,2,0,28/02/20,
Pathanamthitta,2,2,0,0,28/02/20,
Idukki ,0,0,0,0,28/02/20,
Kottayam,16,16,0,0,28/02/20,
Alappuzha ,8,7,1,12,28/02/20,
Ernakulam,30,28,2,8,28/02/20,
Thrissur,23,20,3,6,28/02/20,
Palakkad,7,7,0,3,28/02/20,
Malappuram,5,5,0,0,28/02/20,
Kozhikode,6,6,0,0,28/02/20,
Wayanad,0,0,0,0,28/02/20,
Kannur,3,3,0,2,28/02/20,
Kasargod,3,3,0,3,28/02/20,
Thiruvananthapuram,26,25,1,1,29/02/20,
Kollam,6,4,2,2,29/02/20,
Pathanamthitta,3,3,0,0,29/02/20,
Idukki ,3,3,0,0,29/02/20,
Kottayam,26,26,0,0,29/02/20,
Alappuzha ,8,8,0,0,29/02/20,
Ernakulam,41,40,1,0,29/02/20,
Thrissur,38,35,3,0,29/02/20,
Palakkad,2,2,0,5,29/02/20,
Malappuram,6,5,1,0,29/02/20,
Kozhikode,8,7,1,0,29/02/20,
Wayanad,0,0,0,0,29/02/20,
Kannur,9,9,0,0,29/02/20,
Kasargod,15,14,1,0,29/02/20,
Thiruvananthapuram,32,30,2,0,01/03/20,
Kollam,6,5,1,0,01/03/20,
Pathanamthitta,1,1,0,2,01/03/20,
Idukki ,6,6,0,0,01/03/20,
Kottayam,28,28,0,0,01/03/20,
Alappuzha ,6,6,0,2,01/03/20,
Ernakulam,50,48,2,0,01/03/20,
Thrissur,44,39,5,1,01/03/20,
Palakkad,2,2,0,0,01/03/20,
Malappuram,2,1,1,4,01/03/20,
Kozhikode,8,7,1,0,01/03/20,
Wayanad,0,0,0,0,01/03/20,
Kannur,9,9,0,0,01/03/20,
Kasargod,15,14,1,0,01/03/20,
Thiruvananthapuram,28,25,3,8,02/03/20,
Kollam,9,8,1,0,02/03/20,
Pathanamthitta,3,2,1,0,02/03/20,
Idukki ,5,5,0,3,02/03/20,
Kottayam,35,35,0,2,02/03/20,
Alappuzha ,9,9,0,1,02/03/20,
Ernakulam,80,78,2,0,02/03/20,
Thrissur,52,46,6,4,02/03/20,
Palakkad,9,8,1,0,02/03/20,
Malappuram,6,6,0,2,02/03/20,
Kozhikode,9,7,2,0,02/03/20,
Wayanad,4,4,0,0,02/03/20,
Kannur,22,22,0,0,02/03/20,
Kasargod,22,21,1,0,02/03/20,
Thiruvananthapuram,30,28,2,6,03/03/20,
Kollam,24,22,2,0,03/03/20,
Pathanamthitta,6,3,3,0,03/03/20,
Idukki ,8,8,0,0,03/03/20,
Kottayam,41,41,0,0,03/03/20,
Alappuzha ,16,16,0,0,03/03/20,
Ernakulam,105,103,2,0,03/03/20,
Thrissur,58,52,6,2,03/03/20,
Palakkad,8,7,1,2,03/03/20,
Malappuram,34,32,2,0,03/03/20,
Kozhikode,13,9,4,2,03/03/20,
Wayanad,4,4,0,0,03/03/20,
Kannur,31,30,1,0,03/03/20,
Kasargod,33,33,0,0,03/03/20,
Thiruvananthapuram,29,27,2,3,04/03/20,
Kollam,27,25,2,0,04/03/20,
Pathanamthitta,9,6,3,0,04/03/20,
Idukki ,9,9,0,0,04/03/20,
Kottayam,42,42,0,5,04/03/20,
Alappuzha ,19,19,0,0,04/03/20,
Ernakulam,126,124,2,0,04/03/20,
Thrissur,63,54,9,0,04/03/20,
Palakkad,11,11,0,2,04/03/20,
Malappuram,44,38,6,0,04/03/20,
Kozhikode,21,16,5,1,04/03/20,
Wayanad,4,4,0,0,04/03/20,
Kannur,32,30,2,0,04/03/20,
Kasargod,33,33,0,0,04/03/20,
Thiruvananthapuram,28,24,4,2,05/03/20,
Kollam,27,26,2,1,05/03/20,
Pathanamthitta,9,6,3,4,05/03/20,
Idukki ,9,9,0,0,05/03/20,
Kottayam,59,59,0,0,05/03/20,
Alappuzha ,25,25,0,1,05/03/20,
Ernakulam,129,127,2,0,05/03/20,
Thrissur,83,71,12,1,05/03/20,
Palakkad,16,14,2,1,05/03/20,
Malappuram,50,44,6,0,05/03/20,
Kozhikode,24,19,5,0,05/03/20,
Wayanad,7,7,0,0,05/03/20,
Kannur,38,35,3,0,05/03/20,
Kasargod,42,42,0,0,05/03/20,
Thiruvananthapuram,28,25,3,0,06/03/20,
Kollam,28,25,3,0,06/03/20,
Pathanamthitta,17,11,6,0,06/03/20,
Idukki ,10,10,0,0,06/03/20,
Kottayam,64,64,0,1,06/03/20,
Alappuzha ,28,27,1,0,06/03/20,
Ernakulam,131,129,2,13,06/03/20,
Thrissur,95,83,12,0,06/03/20,
Palakkad,17,14,3,0,06/03/20,
Malappuram,55,50,5,0,06/03/20,
Kozhikode,24,18,6,0,06/03/20,
Wayanad,9,9,0,0,06/03/20,
Kannur,40,35,5,0,06/03/20,
Kasargod,46,46,0,0,06/03/20,
Thiruvananthapuram,28,25,3,1,07/03/20,
Kollam,30,27,3,0,07/03/20,
Pathanamthitta,26,21,5,0,07/03/20,
Idukki ,11,11,0,0,07/03/20,
Kottayam,71,71,0,0,07/03/20,
Alappuzha ,33,30,3,0,07/03/20,
Ernakulam,138,134,4,0,07/03/20,
Thrissur,101,86,15,0,07/03/20,
Palakkad,18,14,4,1,07/03/20,
Malappuram,41,30,11,15,07/03/20,
Kozhikode,33,28,5,1,07/03/20,
Wayanad,10,9,1,0,07/03/20,
Kannur,45,37,8,2,07/03/20,
Kasargod,52,51,1,0,07/03/20,
Thiruvananthapuram,33,29,4,2,08/03/20,
Kollam,40,37,3,0,08/03/20,
Pathanamthitta,36,26,10,0,08/03/20,
Idukki ,12,12,0,0,08/03/20,
Kottayam,77,77,0,0,08/03/20,
Alappuzha ,39,36,3,0,08/03/20,
Ernakulam,147,141,6,0,08/03/20,
Thrissur,117,97,20,0,08/03/20,
Palakkad,17,12,5,9,08/03/20,
Malappuram,48,33,15,3,08/03/20,
Kozhikode,46,41,5,0,08/03/20,
Wayanad,10,9,1,0,08/03/20,
Kannur,54,43,11,0,08/03/20,
Kasargod,56,55,1,0,08/03/20,
Thiruvananthapuram,33,22,11,,09/03/20,7
Kollam,75,66,9,,09/03/20,6
Pathanamthitta,53,41,12,,09/03/20,2
Idukki ,38,37,1,,09/03/20,1
Kottayam,83,79,4,,09/03/20,4
Alappuzha ,71,65,6,,09/03/20,3
Ernakulam,177,171,6,,09/03/20,0
Thrissur,211,172,39,,09/03/20,22
Palakkad,36,22,14,,09/03/20,12
Malappuram,76,52,24,,09/03/20,20
Kozhikode,72,66,6,,09/03/20,2
Wayanad,15,14,1,,09/03/20,1
Kannur,83,69,14,,09/03/20,4
Kasargod,93,91,2,,09/03/20,1
Thiruvananthapuram,92,76,16,,10/03/20,6
Kollam,85,75,10,,10/03/20,4
Pathanamthitta,60,45,15,,10/03/20,5
Idukki ,46,45,1,,10/03/20,0
Kottayam,92,82,10,,10/03/20,6
Alappuzha ,98,78,20,,10/03/20,14
Ernakulam,248,225,23,,10/03/20,6
Thrissur,277,209,68,,10/03/20,35
Palakkad,73,48,25,,10/03/20,11
Malappuram,75,30,45,,10/03/20,21
Kozhikode,133,118,15,,10/03/20,10
Wayanad,23,22,1,,10/03/20,0
Kannur,88,79,9,,10/03/20,2
Kasargod,105,104,1,,10/03/20,0
Thiruvananthapuram,127,114,13,,11/03/20,1
Kollam,177,167,10,,11/03/20,6
Pathanamthitta,892,860,32,,11/03/20,17
Idukki ,53,53,0,,11/03/20,0
Kottayam,242,231,12,,11/03/20,2
Alappuzha ,128,111,17,,11/03/20,1
Ernakulam,304,280,24,,11/03/20,8
Thrissur,613,535,78,,11/03/20,12
Palakkad,102,77,25,,11/03/20,4
Malappuram,93,32,61,,11/03/20,21
Kozhikode,301,291,10,,11/03/20,5
Wayanad,28,27,1,,11/03/20,0
Kannur,128,121,7,,11/03/20,3
Kasargod,124,121,3,,11/03/20,3
Thiruvananthapuram,142,137,5,,12/03/20,2
Kollam,227,216,11,,12/03/20,2
Pathanamthitta,896,862,34,,12/03/20,2
Idukki ,61,61,0,,12/03/20,0
Kottayam,409,398,11,,12/03/20,0
Alappuzha ,161,140,21,,12/03/20,5
Ernakulam,359,322,37,,12/03/20,16
Thrissur,843,770,73,,12/03/20,8
Palakkad,119,89,30,,12/03/20,8
Malappuram,132,103,29,,12/03/20,13
Kozhikode,483,476,7,,12/03/20,3
Wayanad,38,38,0,,12/03/20,0
Kannur,151,144,7,,12/03/20,4
Kasargod,159,154,5,,12/03/20,2
Thiruvananthapuram,226,208,18,,13/03/20,13
Kollam,324,312,12,,13/03/20,3
Pathanamthitta,932,903,29,,13/03/20,5
Idukki ,52,52,0,,13/03/20,0
Kottayam,736,725,11,,13/03/20,2
Alappuzha ,265,252,13,,13/03/20,7
Ernakulam,437,407,30,,13/03/20,1
Thrissur,1150,1078,72,,13/03/20,5
Palakkad,146,124,22,,13/03/20,7
Malappuram,165,135,30,,13/03/20,1
Kozhikode,592,585,7,,13/03/20,4
Wayanad,57,57,0,,13/03/20,0
Kannur,181,158,23,,13/03/20,16
Kasargod,205,195,10,,13/03/20,5
Thiruvananthapuram,313,284,29,,14/03/20,15
Kollam,308,290,18,,14/03/20,7
Pathanamthitta,969,941,28,,14/03/20,4
Idukki ,58,58,0,,14/03/20,0
Kottayam,802,791,11,,14/03/20,1
Alappuzha ,523,513,10,,14/03/20,1
Ernakulam,526,500,26,,14/03/20,3
Thrissur,1391,1331,60,,14/03/20,12
Palakkad,154,132,22,,14/03/20,5
Malappuram,195,164,31,,14/03/20,22
Kozhikode,1837,1819,18,,14/03/20,16
Wayanad,105,105,0,,14/03/20,0
Kannur,261,218,43,,14/03/20,20
Kasargod,235,229,6,,14/03/20,0
Thiruvananthapuram,1449,1406,43,,15/03/20,16
Kollam,368,355,13,,15/03/20,0
Pathanamthitta,1638,1609,29,,15/03/20,4
Idukki ,75,75,0,,15/03/20,0
Kottayam,873,863,10,,15/03/20,1
Alappuzha ,533,523,10,,15/03/20,0
Ernakulam,613,581,32,,15/03/20,10
Thrissur,1574,1526,48,,15/03/20,8
Palakkad,179,151,28,,15/03/20,9
Malappuram,242,225,17,,15/03/20,7
Kozhikode,2683,2676,7,,15/03/20,4
Wayanad,146,144,2,,15/03/20,2
Kannur,305,267,44,,15/03/20,7
Kasargod,266,260,6,,15/03/20,0
Thiruvananthapuram,661,614,47,,16/03/20,11
Kollam,414,401,13,,16/03/20,2
Pathanamthitta,1756,1735,21,,16/03/20,3
Idukki ,92,92,0,,16/03/20,0
Kottayam,1034,1025,9,,16/03/20,2
Alappuzha ,795,784,11,,16/03/20,7
Ernakulam,680,650,30,,16/03/20,6
Thrissur,2041,1996,45,,16/03/20,9
Palakkad,191,169,22,,16/03/20,4
Malappuram,976,955,21,,16/03/20,7
Kozhikode,3215,3207,8,,16/03/20,8
Wayanad,217,215,2,,16/03/20,0
Kannur,372,336,36,,16/03/20,10
Kasargod,296,291,5,,16/03/20,3
Thiruvananthapuram,795,729,66,,17/03/20,11
Kollam,667,655,12,,17/03/20,1
Pathanamthitta,2500,2478,22,,17/03/20,4
Idukki ,374,374,0,,17/03/20,0
Kottayam,1246,1238,8,,17/03/20,1
Alappuzha ,1107,1097,10,,17/03/20,3
Ernakulam,938,917,21,,17/03/20,1
Thrissur,2296,2258,38,,17/03/20,7
Palakkad,232,205,27,,17/03/20,9
Malappuram,2172,2154,18,,17/03/20,7
Kozhikode,4144,4130,14,,17/03/20,10
Wayanad,377,377,0,,17/03/20,0
Kannur,824,798,26,,17/03/20,7
Kasargod,339,333,6,,17/03/20,4
Thiruvananthapuram,2414,2350,64,,18/03/20,3
Kollam,758,751,7,,18/03/20,4
Pathanamthitta,2911,2884,16,,18/03/20,2
Idukki ,442,442,0,,18/03/20,0
Kottayam,1311,1304,7,,18/03/20,0
Alappuzha ,1901,1893,8,,18/03/20,4
Ernakulam,1012,989,23,,18/03/20,4
Thrissur,2717,1684,33,,18/03/20,8
Palakkad,309,280,29,,18/03/20,9
Malappuram,3834,3821,13,,18/03/20,6
Kozhikode,4953,4945,8,,18/03/20,4
Wayanad,433,433,0,,18/03/20,0
Kannur,2239,2218,21,,18/03/20,10
Kasargod,380,372,8,,18/03/20,3
Thiruvananthapuram,2618,2553,65,,19/03/20,6
Kollam,673,666,7,,19/03/20,1
Pathanamthitta,3730,3715,15,,19/03/20,6
Idukki ,480,479,1,,19/03/20,1
Kottayam,1596,1590,6,,19/03/20,0
Alappuzha ,2449,2439,10,,19/03/20,7
Ernakulam,1108,1085,23,,19/03/20,6
Thrissur,3008,2978,30,,19/03/20,4
Palakkad,492,466,26,,19/03/20,4
Malappuram,4712,4701,11,,19/03/20,6
Kozhikode,5662,5652,10,,19/03/20,8
Wayanad,545,545,0,,19/03/20,0
Kannur,3583,3559,24,,19/03/20,12
Kasargod,517,508,9,,19/03/20,3
Thiruvananthapuram,3710,3663,47,,20/03/20,7
Kollam,659,652,7,,20/03/20,2
Pathanamthitta,4570,4555,15,,20/03/20,2
Idukki ,504,503,1,,20/03/20,0
Kottayam,1867,1862,5,,20/03/20,0
Alappuzha ,3763,3755,8,,20/03/20,2
Ernakulam,4224,4196,28,,20/03/20,7
Thrissur,3386,3357,29,,20/03/20,9
Palakkad,3864,3838,26,,20/03/20,0
Malappuram,6239,6232,7,,20/03/20,3
Kozhikode,5798,5784,14,,20/03/20,9
Wayanad,736,736,0,,20/03/20,0
Kannur,4490,4465,25,,20/03/20,11
Kasargod,580,567,13,,20/03/20,4
Thiruvananthapuram,4179,4136,43,,21/03/20,3
Kollam,900,896,4,,21/03/20,0
Pathanamthitta,5257,5242,15,,21/03/20,4
Idukki ,537,537,0,,21/03/20,0
Kottayam,2134,2129,5,,21/03/20,0
Alappuzha ,4476,4476,6,,21/03/20,1
Ernakulam,3474,3451,23,,21/03/20,1
Thrissur,6538,6514,14,,21/03/20,4
Palakkad,4110,4089,21,,21/03/20,7
Malappuram,7018,7008,10,,21/03/20,6
Kozhikode,7649,7626,23,,21/03/20,18
Wayanad,889,888,1,,21/03/20,1
Kannur,5187,5149,38,,21/03/20,16
Kasargod,665,650,15,,21/03/20,9
Thiruvananthapuram,4926,4873,53,,22/03/20,10
Kollam,1014,1011,3,,22/03/20,0
Pathanamthitta,4767,4753,14,,22/03/20,2
Idukki ,600,597,3,,22/03/20,3
Kottayam,2412,2406,6,,22/03/20,1
Alappuzha ,4428,4417,11,,22/03/20,5
Ernakulam,3984,3961,23,,22/03/20,4
Thrissur,8538,8498,40,,22/03/20,19
Palakkad,5109,5084,25,,22/03/20,9
Malappuram,7394,7383,11,,22/03/20,7
Kozhikode,8150,8116,34,,22/03/20,20
Wayanad,1114,1113,1,,22/03/20,0
Kannur,6126,6077,49,,22/03/20,16
Kasargod,733,692,41,,22/03/20,26
Thiruvananthapuram,5477,5426,51,,23/03/20,22
Kollam,1073,1070,3,,23/03/20,0
Pathanamthitta,4580,4565,15,,23/03/20,3
Idukki ,643,640,3,,23/03/20,0
Kottayam,2499,2492,7,,23/03/20,1
Alappuzha ,4580,4565,15,,23/03/20,3
Ernakulam,4230,4201,29,,23/03/20,8
Thrissur,9336,9292,44,,23/03/20,8
Palakkad,5162,5135,27,,23/03/20,8
Malappuram,9294,9279,15,,23/03/20,11
Kozhikode,8408,8370,38,,23/03/20,12
Wayanad,1440,1436,4,,23/03/20,3
Kannur,6481,6409,72,,23/03/20,23
Kasargod,857,796,61,,23/03/20,20
Thiruvananthapuram,5919,5829,90,,24/03/20,43
Kollam,1137,1131,6,,24/03/20,5
Pathanamthitta,4524,4504,20,,24/03/20,7
Idukki ,1123,1118,5,,24/03/20,2
Kottayam,2411,2405,6,,24/03/20,0
Alappuzha ,5509,5490,19,,24/03/20,8
Ernakulam,4380,4347,33,,24/03/20,4
Thrissur,10908,10879,29,,24/03/20,8
Palakkad,5514,5478,36,,24/03/20,11
Malappuram,9898,9869,29,,24/03/20,18
Kozhikode,9709,9674,35,,24/03/20,19
Wayanad,1499,1496,3,,24/03/20,0
Kannur,7193,7123,70,,24/03/20,15
Kasargod,2736,2651,85,,24/03/20,24
Thiruvananthapuram,6409,6315,94,,25/03/20,16
Kollam,1192,1186,6,,25/03/20,0
Pathanamthitta,4461,4440,21,,25/03/20,1
Idukki ,1224,1221,3,,25/03/20,1
Kottayam,2688,2681,7,,25/03/20,1
Alappuzha ,5592,5574,18,,25/03/20,4
Ernakulam,3308,3274,34,,25/03/20,3
Thrissur,12081,12044,37,,25/03/20,11
Palakkad,5420,5384,36,,25/03/20,8
Malappuram,10515,10460,55,,25/03/20,44
Kozhikode,9980,9937,43,,25/03/20,10
Wayanad,1911,1908,3,,25/03/20,0
Kannur,7967,7886,81,,25/03/20,14
Kasargod,3794,3700,94,,25/03/20,9
Thiruvananthapuram,7968,7854,114,,26/03/20,34
Kollam,16464,16456,8,,26/03/20,3
Pathanamthitta,6417,6400,17,,26/03/20,4
Idukki ,1307,1304,3,,26/03/20,1
Kottayam,2903,2896,7,,26/03/20,0
Alappuzha ,5791,5769,22,,26/03/20,7
Ernakulam,3495,3463,32,,26/03/20,5
Thrissur,13283,13233,50,,26/03/20,18
Palakkad,5915,5873,42,,26/03/20,13
Malappuram,11235,11160,75,,26/03/20,20
Kozhikode,10324,10277,47,,26/03/20,6
Wayanad,2913,2909,4,,26/03/20,4
Kannur,9190,9110,80,,26/03/20,14
Kasargod,4798,4698,100,,26/03/20,7
Thiruvananthapuram,11024,10923,101,,27/03/20,13
Kollam,17021,17008,13,,27/03/20,7
Pathanamthitta,6975,6951,24,,27/03/20,8
Idukki ,1538,1533,5,,27/03/20,2
Kottayam,3207,3200,7,,27/03/20,0
Alappuzha ,5620,5600,20,,27/03/20,4
Ernakulam,3919,3884,35,,27/03/20,10
Thrissur,13455,13408,47,,27/03/20,6
Palakkad,5366,5324,42,,27/03/20,16
Malappuram,11346,11256,90,,27/03/20,24
Kozhikode,10474,10437,37,,27/03/20,4
Wayanad,4269,4264,5,,27/03/20,1
Kannur,10128,10041,87,,27/03/20,14
Kasargod,5957,5854,103,,27/03/20,3
Thiruvananthapuram,18094,17985,109,,28/03/20,29
Kollam,17046,17023,23,,28/03/20,15
Pathanamthitta,7855,7835,20,,28/03/20,2
Idukki ,1925,1921,4,,28/03/20,1
Kottayam,3279,3276,3,,28/03/20,0
Alappuzha ,5771,5752,19,,28/03/20,5
Ernakulam,4981,4949,32,,28/03/20,2
Thrissur,14737,14700,37,,28/03/20,14
Palakkad,16128,16091,37,,28/03/20,15
Malappuram,11525,11445,80,,28/03/20,19
Kozhikode,10654,10615,39,,28/03/20,2
Wayanad,5458,5453,5,,28/03/20,0
Kannur,10406,10321,85,,28/03/20,17
Kasargod,6511,6384,127,,28/03/20,27
Thiruvananthapuram,18145,18052,93,,29/03/20,18
Kollam,17040,17017,23,,29/03/20,4
Pathanamthitta,7725,7704,21,,29/03/20,4
Idukki ,2265,2259,6,,29/03/20,3
Kottayam,3354,3351,3,,29/03/20,0
Alappuzha ,6267,6246,21,,29/03/20,7
Ernakulam,5760,5701,29,,29/03/20,6
Thrissur,14935,14896,39,,29/03/20,10
Palakkad,18837,18805,32,,29/03/20,5
Malappuram,11625,11543,82,,29/03/20,25
Kozhikode,10762,10741,21,,29/03/20,2
Wayanad,6736,6728,8,,29/03/20,5
Kannur,10748,10660,88,,29/03/20,6
Kasargod,7042,6915,127,,29/03/20,10
Thiruvananthapuram,18122,18036,86,,30/03/20,16
Kollam,17049,17032,17,,30/03/20,4
Pathanamthitta,7486,7467,19,,30/03/20,3
Idukki ,2661,2655,6,,30/03/20,2
Kottayam,3360,3356,4,,30/03/20,1
Alappuzha ,6627,6612,15,,30/03/20,1
Ernakulam,5527,5502,25,,30/03/20,7
Thrissur,17827,17785,42,,30/03/20,9
Palakkad,20143,20099,44,,30/03/20,16
Malappuram,12099,11994,105,,30/03/20,26
Kozhikode,20135,20113,22,,30/03/20,3
Wayanad,7906,7894,12,,30/03/20,4
Kannur,10904,10812,92,,30/03/20,25
Kasargod,7437,7303,134,,30/03/20,9
Thiruvananthapuram,18392,18315,77,,31/03/20,13
Kollam,17247,17228,19,,31/03/20,2
Pathanamthitta,7254,7241,13,,31/03/20,2
Idukki ,2737,2732,5,,31/03/20,1
Kottayam,3258,3254,4,,31/03/20,0
Alappuzha ,6956,6945,11,,31/03/20,1
Ernakulam,5312,5281,31,,31/03/20,8
Thrissur,20588,20541,47,,31/03/20,8
Palakkad,20219,20171,48,,31/03/20,10
Malappuram,12642,12540,102,,31/03/20,24
Kozhikode,21239,21222,17,,31/03/20,5
Wayanad,8511,8498,13,,31/03/20,2
Kannur,11049,10941,108,,31/03/20,37
Kasargod,7725,7562,163,,31/03/20,37
Thiruvananthapuram,18058,17981,77,,01/04/20,20
Kollam,16678,16661,17,,01/04/20,2
Pathanamthitta,7575,7558,17,,01/04/20,6
Idukki ,2821,2815,6,,01/04/20,1
Kottayam,3282,3278,4,,01/04/20,1
Alappuzha ,8049,8043,6,,01/04/20,3
Ernakulam,4627,4590,37,,01/04/20,7
Thrissur,18863,18825,38,,01/04/20,9
Palakkad,20038,19986,52,,01/04/20,10
Malappuram,12780,12721,59,,01/04/20,20
Kozhikode,21485,21462,23,,01/04/20,9
Wayanad,10031,10020,11,,01/04/20,0
Kannur,10880,10782,98,,01/04/20,18
Kasargod,8963,8786,177,,01/04/20,17
Thiruvananthapuram,18005,17921,84,,02/04/20,27
Kollam,16171,16157,14,,02/04/20,4
Pathanamthitta,8656,8631,25,,02/04/20,9
Idukki ,2836,2829,7,,02/04/20,1
Kottayam,3304,3301,3,,02/04/20,0
Alappuzha ,7108,7098,10,,02/04/20,4
Ernakulam,3878,3843,35,,02/04/20,1
Thrissur,19099,19062,37,,02/04/20,8
Palakkad,19721,19669,52,,02/04/20,8
Malappuram,13936,13873,63,,02/04/20,25
Kozhikode,21934,21906,28,,02/04/20,9
Wayanad,10753,10745,8,,02/04/20,5
Kannur,10301,10201,100,,02/04/20,23
Kasargod,10232,10055,177,,02/04/20,21
Thiruvananthapuram,18093,18005,88,,03/04/20,27
Kollam,15906,15884,22,,03/04/20,9
Pathanamthitta,8437,8415,22,,03/04/20,6
Idukki ,2946,2936,10,,03/04/20,4
Kottayam,3251,3247,4,,03/04/20,1
Alappuzha ,7378,7366,12,,03/04/20,4
Ernakulam,12133,12097,36,,03/04/20,2
Thrissur,14073,14033,40,,03/04/20,11
Palakkad,19610,19563,47,,03/04/20,4
Malappuram,14794,14694,100,,03/04/20,59
Kozhikode,21934,21908,26,,03/04/20,13
Wayanad,10842,10835,7,,03/04/20,3
Kannur,10352,10244,108,,03/04/20,24
Kasargod,10248,10064,184,,03/04/20,17
Thiruvananthapuram,17443,17342,101,,04/04/20,30
Kollam,15935,15919,16,,04/04/20,0
Pathanamthitta,7980,7961,16,,04/04/20,0
Idukki ,3137,3129,8,,04/04/20,1
Kottayam,3265,3261,4,,04/04/20,3
Alappuzha ,7979,7966,13,,04/04/20,3
Ernakulam,11878,11842,36,,04/04/20,4
Thrissur,14219,14183,36,,04/04/20,7
Palakkad,19325,19279,46,,04/04/20,5
Malappuram,16522,16396,126,,04/04/20,48
Kozhikode,21934,21902,32,,04/04/20,14
Wayanad,10907,10900,7,,04/04/20,1
Kannur,10276,10181,95,,04/04/20,23
Kasargod,10555,10360,195,,04/04/20,35
Thiruvananthapuram,17748,17646,102,,05/04/20,18
Kollam,12670,12661,9,,05/04/20,3
Pathanamthitta,7697,7683,14,,05/04/20,5
Idukki ,3608,3600,8,,05/04/20,0
Kottayam,3326,3324,2,,05/04/20,0
Alappuzha ,8502,8487,15,,05/04/20,8
Ernakulam,1183,1142,41,,05/04/20,9
Thrissur,14501,14463,38,,05/04/20,6
Palakkad,18531,18502,29,,05/04/20,6
Malappuram,16850,16694,156,,05/04/20,61
Kozhikode,21934,21899,35,,05/04/20,13
Wayanad,10906,10898,8,,05/04/20,1
Kannur,10430,10343,87,,05/04/20,15
Kasargod,10731,10499,232,,05/04/20,43
Thiruvananthapuram,12470,12365,105,,06/04/20,25
Kollam,11374,11365,9,,06/04/20,1
Pathanamthitta,7716,7700,16,,06/04/20,3
Idukki ,3723,3715,8,,06/04/20,0
Kottayam,3222,3219,3,,06/04/20,3
Alappuzha ,8743,8731,12,,06/04/20,3
Ernakulam,707,672,35,,06/04/20,1
Thrissur,14716,14677,39,,06/04/20,4
Palakkad,18427,18395,32,,06/04/20,10
Malappuram,16453,16285,168,,06/04/20,11
Kozhikode,21934,21897,37,,06/04/20,13
Wayanad,11588,11579,9,,06/04/20,2
Kannur,10895,10794,101,,06/04/20,30
Kasargod,10836,10615,221,,06/04/20,16
Thiruvananthapuram,8475,8379,96,,07/04/20,19
Kollam,9432,9417,15,,07/04/20,10
Pathanamthitta,7516,7500,16,,07/04/20,0
Idukki ,4064,4055,9,,07/04/20,1
Kottayam,3336,3332,4,,07/04/20,1
Alappuzha ,7766,7752,14,,07/04/20,5
Ernakulam,3057,3024,33,,07/04/20,2
Thrissur,15033,14996,37,,07/04/20,5
Palakkad,18386,18355,31,,07/04/20,6
Malappuram,14179,14042,137,,07/04/20,44
Kozhikode,21934,21907,27,,07/04/20,9
Wayanad,11860,11850,10,,07/04/20,2
Kannur,10561,10469,92,,07/04/20,13
Kasargod,11087,10856,231,,07/04/20,14
Thiruvananthapuram,6663,6571,92,,08/04/20,23
Kollam,9237,9221,16,,08/04/20,2
Pathanamthitta,7355,7340,15,,08/04/20,6
Idukki ,4255,4246,9,,08/04/20,0
Kottayam,2552,2549,3,,08/04/20,0
Alappuzha ,7661,7646,15,,08/04/20,1
Ernakulam,3090,3061,19,,08/04/20,5
Thrissur,15716,15680,36,,08/04/20,2
Palakkad,17454,17418,36,,08/04/20,12
Malappuram,14136,14018,118,,08/04/20,50
Kozhikode,20049,20025,24,,08/04/20,9
Wayanad,12102,12092,10,,08/04/20,2
Kannur,9403,9311,92,,08/04/20,17
Kasargod,10801,10547,254,,08/04/20,40
Thiruvananthapuram,5802,5704,98,,09/04/20,24
Kollam,7935,7925,10,,09/04/20,3
Pathanamthitta,7049,7036,13,,09/04/20,1
Idukki ,4323,4315,8,,09/04/20,1
Kottayam,3205,3205,0,,09/04/20,0
Alappuzha ,7732,7720,12,,09/04/20,3
Ernakulam,3011,2985,26,,09/04/20,5
Thrissur,15725,15699,26,,09/04/20,1
Palakkad,17510,17473,37,,09/04/20,12
Malappuram,14067,13984,83,,09/04/20,26
Kozhikode,19399,19373,26,,09/04/20,8
Wayanad,11117,11111,6,,09/04/20,1
Kannur,8574,8468,106,,09/04/20,33
Kasargod,10746,10474,272,,09/04/20,35
Thiruvananthapuram,4934,4820,114,,10/04/20,27
Kollam,7183,7173,10,,10/04/20,2
Pathanamthitta,6748,6732,16,,10/04/20,4
Idukki ,4372,4364,8,,10/04/20,0
Kottayam,2585,2584,1,,10/04/20,1
Alappuzha ,7046,7035,11,,10/04/20,2
Ernakulam,2977,2953,24,,10/04/20,3
Thrissur,15193,15169,24,,10/04/20,4
Palakkad,16825,16795,30,,10/04/20,4
Malappuram,14291,14207,84,,10/04/20,41
Kozhikode,17824,17794,30,,10/04/20,6
Wayanad,10870,10863,7,,10/04/20,1
Kannur,8182,8071,111,,10/04/20,19
Kasargod,10721,10461,260,,10/04/20,12
Thiruvananthapuram,4383,4282,101,,11/04/20,21
Kollam,6464,6454,10,,11/04/20,1
Pathanamthitta,6477,6463,14,,11/04/20,1
Idukki ,4371,4363,8,,11/04/20,0
Kottayam,2593,2589,8,,11/04/20,3
Alappuzha ,7181,7169,12,,11/04/20,2
Ernakulam,2735,2711,24,,11/04/20,4
Thrissur,12343,12323,20,,11/04/20,0
Palakkad,16392,16359,33,,11/04/20,7
Malappuram,13988,13789,199,,11/04/20,123
Kozhikode,17387,17364,23,,11/04/20,4
Wayanad,10695,10692,3,,11/04/20,1
Kannur,7881,7781,100,,11/04/20,13
Kasargod,10600,10337,263,,11/04/20,13
Thiruvananthapuram,3879,3769,110,,12/04/20,27
Kollam,6372,6361,11,,12/04/20,1
Pathanamthitta,6247,6231,16,,12/04/20,2
Idukki ,4031,4028,3,,12/04/20,1
Kottayam,2278,2278,0,,12/04/20,0
Alappuzha ,7185,7174,27,,12/04/20,9
Ernakulam,2101,2074,27,,12/04/20,9
Thrissur,10030,10019,11,,12/04/20,4
Palakkad,15606,15578,28,,12/04/20,9
Malappuram,13269,13059,210,,12/04/20,68
Kozhikode,17407,17373,34,,12/04/20,17
Wayanad,10326,10321,5,,12/04/20,2
Kannur,7836,7734,102,,12/04/20,26
Kasargod,10374,10126,248,,12/04/20,9
Thiruvananthapuram,3547,3443,104,,13/04/20,16
Kollam,5399,5387,12,,13/04/20,2
Pathanamthitta,6061,6043,18,,13/04/20,2
Idukki ,3755,3750,5,,13/04/20,2
Kottayam,2278,2278,0,,13/04/20,0
Alappuzha ,6566,6556,10,,13/04/20,1
Ernakulam,2063,2032,31,,13/04/20,4
Thrissur,9754,9743,11,,13/04/20,3
Palakkad,14787,14754,33,,13/04/20,9
Malappuram,12801,12670,131,,13/04/20,18
Kozhikode,17407,17379,28,,13/04/20,6
Wayanad,9912,9906,6,,13/04/20,2
Kannur,7797,7687,110,,13/04/20,20
Kasargod,10056,9840,216,,13/04/20,1
Thiruvananthapuram,2890,2794,96,,14/04/20,18
Kollam,5104,5093,11,,14/04/20,0
Pathanamthitta,5920,5905,15,,14/04/20,3
Idukki ,3674,3674,0,,14/04/20,0
Kottayam,2280,2280,0,,14/04/20,0
Alappuzha ,6686,6675,11,,14/04/20,1
Ernakulam,1657,1629,28,,14/04/20,4
Thrissur,9316,9304,12,,14/04/20,2
Palakkad,14216,14180,36,,14/04/20,15
Malappuram,12189,12166,23,,14/04/20,11
Kozhikode,16240,16211,29,,14/04/20,5
Wayanad,9504,9499,5,,14/04/20,0
Kannur,7758,7644,114,,14/04/20,18
Kasargod,9641,9457,184,,14/04/20,4
Thiruvananthapuram,2539,2433,106,,15/04/20,28
Kollam,4591,4581,10,,15/04/20,2
Pathanamthitta,5738,5723,15,,15/04/20,2
Idukki ,3497,3497,0,,15/04/20,0
Kottayam,1824,1824,0,,15/04/20,0
Alappuzha ,6895,6885,10,,15/04/20,0
Ernakulam,1289,1262,27,,15/04/20,2
Thrissur,8148,8138,10,,15/04/20,1
Palakkad,13128,13088,40,,15/04/20,14
Malappuram,10331,10309,22,,15/04/20,12
Kozhikode,14173,14149,24,,15/04/20,4
Wayanad,9097,9091,6,,15/04/20,2
Kannur,7013,6898,115,,15/04/20,14
Kasargod,9201,9064,137,,15/04/20,5
Thiruvananthapuram,2359,2243,116,,16/04/20,26
Kollam,3967,3956,11,,16/04/20,5
Pathanamthitta,5012,4997,15,,16/04/20,2
Idukki ,3146,3146,0,,16/04/20,0
Kottayam,1782,1782,0,,16/04/20,0
Alappuzha ,6131,6122,9,,16/04/20,2
Ernakulam,999,978,21,,16/04/20,1
Thrissur,6944,6933,11,,16/04/20,4
Palakkad,13059,13026,33,,16/04/20,3
Malappuram,8708,8670,38,,16/04/20,20
Kozhikode,12875,12847,28,,16/04/20,15
Wayanad,8787,8782,5,,16/04/20,1
Kannur,6706,6584,122,,16/04/20,15
Kasargod,8380,8266,114,,16/04/20,14
Thiruvananthapuram,2155,2042,113,,17/04/20,21
Kollam,3640,3629,11,,17/04/20,4
Pathanamthitta,4050,4034,16,,17/04/20,2
Idukki ,2897,2896,1,,17/04/20,1
Kottayam,1363,1363,0,,17/04/20,0
Alappuzha ,5341,5332,9,,17/04/20,0
Ernakulam,696,677,19,,17/04/20,3
Thrissur,5701,5690,11,,17/04/20,2
Palakkad,12077,12047,30,,17/04/20,7
Malappuram,7833,7792,41,,17/04/20,13
Kozhikode,11586,11555,31,,17/04/20,7
Wayanad,7973,7968,5,,17/04/20,0
Kannur,5767,5640,127,,17/04/20,15
Kasargod,7901,7789,112,,17/04/20,9
Thiruvananthapuram,1811,1698,113,,18/04/20,16
Kollam,3266,3257,9,,18/04/20,1
Pathanamthitta,2858,2844,14,,18/04/20,2
Idukki ,2449,2445,4,,18/04/20,3
Kottayam,1312,1312,0,,18/04/20,0
Alappuzha ,4773,4767,6,,18/04/20,1
Ernakulam,378,358,20,,18/04/20,8
Thrissur,4562,4552,10,,18/04/20,1
Palakkad,10417,10386,31,,18/04/20,9
Malappuram,6684,6644,40,,18/04/20,19
Kozhikode,10012,9987,25,,18/04/20,6
Wayanad,6877,6873,4,,18/04/20,3
Kannur,5934,5823,111,,18/04/20,25
Kasargod,5857,5740,117,,18/04/20,10
Thiruvananthapuram,1770,1660,110,,19/04/20,23
Kollam,2494,2485,9,,19/04/20,1
Pathanamthitta,1710,1703,7,,19/04/20,0
Idukki ,2185,2181,4,,19/04/20,1
Kottayam,1069,1069,0,,19/04/20,0
Alappuzha ,3888,3883,5,,19/04/20,1
Ernakulam,228,210,18,,19/04/20,2
Thrissur,2714,2706,8,,19/04/20,0
Palakkad,8728,8694,34,,19/04/20,8
Malappuram,5727,5704,23,,19/04/20,13
Kozhikode,8428,8400,28,,19/04/20,8
Wayanad,5468,5462,6,,19/04/20,3
Kannur,5987,5881,106,,19/04/20,10
Kasargod,5194,5091,103,,19/04/20,2
Thiruvananthapuram,1510,1413,97,,20/04/20,18
Kollam,2041,2030,11,,20/04/20,2
Pathanamthitta,1144,1138,6,,20/04/20,0
Idukki ,1950,1946,4,,20/04/20,0
Kottayam,603,603,0,,20/04/20,0
Alappuzha ,2973,2968,5,,20/04/20,0
Ernakulam,186,173,13,,20/04/20,3
Thrissur,971,963,8,,20/04/20,1
Palakkad,7030,6992,38,,20/04/20,9
Malappuram,5713,5683,30,,20/04/20,7
Kozhikode,7494,7472,22,,20/04/20,3
Wayanad,4821,4814,7,,20/04/20,1
Kannur,5133,5030,103,,20/04/20,12
Kasargod,4754,4700,54,,20/04/20,6
Thiruvananthapuram,1387,1349,38,,21/04/20,38
Kollam,1579,1564,15,,21/04/20,4
Pathanamthitta,745,738,7,,21/04/20,1
Idukki ,1780,1775,5,,21/04/20,1
Kottayam,571,571,0,,21/04/20,0
Alappuzha ,2294,2294,0,,21/04/20,0
Ernakulam,153,140,13,,21/04/20,5
Thrissur,869,861,8,,21/04/20,0
Palakkad,4974,4942,32,,21/04/20,6
Malappuram,4656,4631,25,,21/04/20,13
Kozhikode,5203,5176,27,,21/04/20,9
Wayanad,3472,3464,8,,21/04/20,1
Kannur,4365,4263,102,,21/04/20,17
Kasargod,4619,4567,52,,21/04/20,7
Thiruvananthapuram,1394,1356,38,,22/04/20,9
Kollam,1535,1513,22,,22/04/20,10
Pathanamthitta,987,981,6,,22/04/20,0
Idukki ,1441,1438,3,,22/04/20,0
Kottayam,63,63,0,,22/04/20,0
Alappuzha ,1818,1816,2,,22/04/20,2
Ernakulam,149,134,15,,22/04/20,5
Thrissur,875,870,5,,22/04/20,0
Palakkad,3839,3804,35,,22/04/20,11
Malappuram,4126,4096,30,,22/04/20,24
Kozhikode,3803,3775,28,,22/04/20,12
Wayanad,2192,2184,8,,22/04/20,1
Kannur,3238,3140,98,,22/04/20,16
Kasargod,3690,3634,56,,22/04/20,5
Thiruvananthapuram,1489,1445,44,,23/04/20,23
Kollam,1509,1485,24,,23/04/20,6
Pathanamthitta,697,690,7,,23/04/20,1
Idukki ,1336,1332,4,,23/04/20,1
Kottayam,157,156,1,,23/04/20,1
Alappuzha ,1858,1855,3,,23/04/20,1
Ernakulam,152,139,13,,23/04/20,5
Thrissur,814,803,11,,23/04/20,7
Palakkad,3332,3281,51,,23/04/20,21
Malappuram,2465,2395,70,,23/04/20,42
Kozhikode,2770,2734,36,,23/04/20,15
Wayanad,1579,1572,7,,23/04/20,3
Kannur,2592,2482,110,,23/04/20,20
Kasargod,3126,3070,56,,23/04/20,2
Thiruvananthapuram,1581,1538,43,,24/04/20,10
Kollam,1508,1498,10,,24/04/20,3
Pathanamthitta,418,411,7,,24/04/20,3
Idukki ,1419,1409,10,,24/04/20,6
Kottayam,239,236,3,,24/04/20,2
Alappuzha ,1335,1329,6,,24/04/20,3
Ernakulam,294,272,22,,24/04/20,9
Thrissur,747,736,11,,24/04/20,1
Palakkad,3514,3441,73,,24/04/20,30
Malappuram,2677,2583,94,,24/04/20,42
Kozhikode,1680,1632,48,,24/04/20,17
Wayanad,1178,1171,7,,24/04/20,2
Kannur,2542,2435,107,,24/04/20,15
Kasargod,2593,2552,41,,24/04/20,1
Thiruvananthapuram,1920,1873,47,,25/04/20,9
Kollam,1571,1536,35,,25/04/20,25
Pathanamthitta,394,385,9,,25/04/20,2
Idukki ,1336,1327,9,,25/04/20,0
Kottayam,536,531,5,,25/04/20,2
Alappuzha ,1303,1300,3,,25/04/20,0
Ernakulam,389,370,19,,25/04/20,4
Thrissur,802,787,15,,25/04/20,5
Palakkad,3501,3432,69,,25/04/20,19
Malappuram,1925,1894,31,,25/04/20,16
Kozhikode,1193,1135,58,,25/04/20,22
Wayanad,1088,1080,8,,25/04/20,1
Kannur,2711,2591,120,,25/04/20,24
Kasargod,2375,2339,36,,25/04/20,3
Thiruvananthapuram,1976,1915,61,,26/04/20,17
Kollam,1025,990,35,,26/04/20,16
Pathanamthitta,385,375,10,,26/04/20,2
Idukki ,1357,1346,11,,26/04/20,3
Kottayam,650,644,6,,26/04/20,1
Alappuzha ,1259,1256,3,,26/04/20,0
Ernakulam,360,341,19,,26/04/20,1
Thrissur,802,784,18,,26/04/20,5
Palakkad,3472,3416,56,,26/04/20,4
Malappuram,1813,1772,41,,26/04/20,21
Kozhikode,1084,1034,50,,26/04/20,13
Wayanad,1027,1021,6,,26/04/20,2
Kannur,2720,2606,114,,26/04/20,12
Kasargod,2197,2165,32,,26/04/20,2
Thiruvananthapuram,2025,1963,62,,27/04/20,11
Kollam,1143,1110,33,,27/04/20,1
Pathanamthitta,385,376,9,,27/04/20,2
Idukki ,1385,1370,15,,27/04/20,7
Kottayam,727,715,12,,27/04/20,6
Alappuzha ,1282,1279,3,,27/04/20,0
Ernakulam,462,442,20,,27/04/20,1
Thrissur,886,867,19,,27/04/20,1
Palakkad,3408,3352,56,,27/04/20,12
Malappuram,1810,1766,44,,27/04/20,23
Kozhikode,1019,961,58,,27/04/20,26
Wayanad,978,971,7,,27/04/20,1
Kannur,2768,2654,114,,27/04/20,5
Kasargod,2023,1986,37,,27/04/20,8
Thiruvananthapuram,2075,2018,57,,28/04/20,11
Kollam,1184,1148,36,,28/04/20,3
Pathanamthitta,377,367,10,,28/04/20,3
Idukki ,1462,1439,23,,28/04/20,8
Kottayam,1040,1021,19,,28/04/20,7
Alappuzha ,1353,1351,2,,28/04/20,1
Ernakulam,758,736,22,,28/04/20,10
Thrissur,897,878,19,,28/04/20,2
Palakkad,3378,3318,60,,28/04/20,14
Malappuram,1867,1797,70,,28/04/20,60
Kozhikode,1021,968,53,,28/04/20,16
Wayanad,851,842,9,,28/04/20,4
Kannur,2552,2449,103,,28/04/20,10
Kasargod,1958,1923,35,,28/04/20,2
Thiruvananthapuram,2058,2030,28,,29/04/20,5
Kollam,1207,1171,36,,29/04/20,4
Pathanamthitta,215,206,9,,29/04/20,2
Idukki ,1584,1559,25,,29/04/20,3
Kottayam,1256,1238,18,,29/04/20,0
Alappuzha ,1317,1315,2,,29/04/20,0
Ernakulam,766,748,18,,29/04/20,1
Thrissur,912,890,22,,29/04/20,6
Palakkad,3253,3190,63,,29/04/20,15
Malappuram,1554,1464,90,,29/04/20,20
Kozhikode,1125,1077,48,,29/04/20,6
Wayanad,815,804,11,,29/04/20,2
Kannur,2681,2579,102,,29/04/20,19
Kasargod,1930,1901,29,,29/04/20,1
Thiruvananthapuram,2064,2010,54,,30/04/20,13
Kollam,1373,1350,23,,30/04/20,11
Pathanamthitta,139,134,5,,30/04/20,0
Idukki ,1592,1566,26,,30/04/20,3
Kottayam,1393,1375,18,,30/04/20,0
Alappuzha ,1366,1365,1,,30/04/20,0
Ernakulam,714,698,16,,30/04/20,8
Thrissur,989,880,18,,30/04/20,1
Palakkad,3158,3100,58,,30/04/20,6
Malappuram,1524,1507,17,,30/04/20,12
Kozhikode,1223,1181,42,,30/04/20,15
Wayanad,820,807,13,,30/04/20,4
Kannur,2683,2579,104,,30/04/20,16
Kasargod,1764,1733,31,,30/04/20,6
Thiruvananthapuram,2346,2284,62,,01/05/20,17
Kollam,1448,1419,29,,01/05/20,6
Pathanamthitta,139,131,8,,01/05/20,3
Idukki ,1637,1613,24,,01/05/20,0
Kottayam,1584,1566,18,,01/05/20,0
Alappuzha ,1368,1362,6,,01/05/20,5
Ernakulam,831,811,20,,01/05/20,5
Thrissur,905,885,20,,01/05/20,5
Palakkad,3076,3023,53,,01/05/20,23
Malappuram,1538,1523,15,,01/05/20,12
Kozhikode,1311,1275,36,,01/05/20,16
Wayanad,838,825,13,,01/05/20,1
Kannur,2560,2458,102,,01/05/20,10
Kasargod,1918,1892,26,,01/05/20,3
Thiruvananthapuram,2526,2462,64,,02/05/20,11
Kollam,1692,1673,19,,02/05/20,0
Pathanamthitta,152,145,7,,02/05/20,2
Idukki ,1645,1628,17,,02/05/20,0
Kottayam,1665,1647,18,,02/05/20,0
Alappuzha ,1299,1294,5,,02/05/20,0
Ernakulam,859,833,26,,02/05/20,11
Thrissur,943,926,17,,02/05/20,3
Palakkad,3085,3036,49,,02/05/20,11
Malappuram,1610,1582,28,,02/05/20,19
Kozhikode,1321,1287,34,,02/05/20,11
Wayanad,790,780,10,,02/05/20,2
Kannur,2543,2457,86,,02/05/20,2
Kasargod,1764,1734,30,,02/05/20,8
Thiruvananthapuram,2696,2632,64,,03/05/20,8
Kollam,1735,1719,16,,03/05/20,2
Pathanamthitta,127,122,5,,03/05/20,2
Idukki ,1612,1595,17,,03/05/20,1
Kottayam,1721,1703,18,,03/05/20,0
Alappuzha ,1283,1279,4,,03/05/20,0
Ernakulam,907,880,27,,03/05/20,1
Thrissur,947,934,13,,03/05/20,3
Palakkad,3036,2989,47,,03/05/20,10
Malappuram,1591,1563,28,,03/05/20,7
Kozhikode,1047,1015,32,,03/05/20,13
Wayanad,841,835,6,,03/05/20,3
Kannur,2544,2462,82,,03/05/20,7
Kasargod,1633,1604,29,,03/05/20,6
